-- --------------------------------------------------------
-- Host:                         127.0.0.1
-- Versión del servidor:         5.7.19 - MySQL Community Server (GPL)
-- SO del servidor:              Win64
-- HeidiSQL Versión:             9.4.0.5125
-- --------------------------------------------------------

/*!40101 SET @OLD_CHARACTER_SET_CLIENT=@@CHARACTER_SET_CLIENT */;
/*!40101 SET NAMES utf8 */;
/*!50503 SET NAMES utf8mb4 */;
/*!40014 SET @OLD_FOREIGN_KEY_CHECKS=@@FOREIGN_KEY_CHECKS, FOREIGN_KEY_CHECKS=0 */;
/*!40101 SET @OLD_SQL_MODE=@@SQL_MODE, SQL_MODE='NO_AUTO_VALUE_ON_ZERO' */;


-- Volcando estructura de base de datos para bigmyb
CREATE DATABASE IF NOT EXISTS `bigmyb` /*!40100 DEFAULT CHARACTER SET latin1 */;
USE `bigmyb`;

-- Volcando estructura para tabla bigmyb.accounts
CREATE TABLE IF NOT EXISTS `accounts` (
  `id` int(11) NOT NULL AUTO_INCREMENT,
  `user_id` int(11) NOT NULL DEFAULT '0',
  `sportsbook_id` int(11) NOT NULL DEFAULT '0',
  PRIMARY KEY (`id`)
) ENGINE=MyISAM AUTO_INCREMENT=7 DEFAULT CHARSET=latin1;

-- Volcando datos para la tabla bigmyb.accounts: 6 rows
DELETE FROM `accounts`;
/*!40000 ALTER TABLE `accounts` DISABLE KEYS */;
INSERT INTO `accounts` (`id`, `user_id`, `sportsbook_id`) VALUES
	(1, 1, 1),
	(2, 1, 2),
	(3, 1, 7),
	(4, 1, 10),
	(5, 1, 13),
	(6, 1, 15);
/*!40000 ALTER TABLE `accounts` ENABLE KEYS */;

-- Volcando estructura para tabla bigmyb.alias_teams
CREATE TABLE IF NOT EXISTS `alias_teams` (
  `id` int(11) NOT NULL AUTO_INCREMENT,
  `team_id` int(11) NOT NULL DEFAULT '0',
  `name` varchar(50) DEFAULT NULL,
  `web` varchar(50) DEFAULT NULL,
  PRIMARY KEY (`id`)
) ENGINE=MyISAM AUTO_INCREMENT=328 DEFAULT CHARSET=latin1;

-- Volcando datos para la tabla bigmyb.alias_teams: 302 rows
DELETE FROM `alias_teams`;
/*!40000 ALTER TABLE `alias_teams` DISABLE KEYS */;
INSERT INTO `alias_teams` (`id`, `team_id`, `name`, `web`) VALUES
	(1, 1, 'rm', 'betfair'),
	(2, 2, 'Barcelona', 'betfair'),
	(3, 7, 'Girona FC', 'sportium'),
	(4, 1, 'Real Madrid', 'sportium'),
	(5, 20, 'Málaga CF', 'sportium'),
	(6, 10, 'RC Celta', 'sportium'),
	(7, 3, 'Atlético Madrid', 'sportium'),
	(8, 6, 'Villarreal CF', 'sportium'),
	(9, 12, 'Athletic Club', 'sportium'),
	(10, 2, 'FC Barcelona', 'sportium'),
	(11, 5, 'Sevilla FC', 'sportium'),
	(12, 15, 'CD Leganés', 'sportium'),
	(13, 13, 'RCD Espanyol', 'sportium'),
	(14, 8, 'Real Betis', 'sportium'),
	(15, 11, 'Getafe CF', 'sportium'),
	(16, 14, 'Real Sociedad', 'sportium'),
	(17, 16, 'D.Alavés', 'sportium'),
	(18, 4, 'Valencia CF', 'sportium'),
	(19, 18, 'UD Las Palmas', 'sportium'),
	(20, 19, 'RC Deportivo', 'sportium'),
	(21, 9, 'SD Eibar', 'sportium'),
	(22, 17, 'Levante UD', 'sportium'),
	(23, 19, 'Deportivo La Coruña', 'titanbet'),
	(24, 18, 'Las Palmas', 'titanbet'),
	(25, 4, 'Valencia', 'titanbet'),
	(26, 16, 'CD Alaves', 'titanbet'),
	(27, 14, 'Real Sociedad', 'titanbet'),
	(28, 11, 'Getafe', 'titanbet'),
	(29, 8, 'Real Betis', 'titanbet'),
	(30, 13, 'Espanyol', 'titanbet'),
	(31, 15, 'CD Leganes', 'titanbet'),
	(32, 5, 'Sevilla', 'titanbet'),
	(33, 2, 'Barcelona', 'titanbet'),
	(34, 12, 'Athletic Bilbao', 'titanbet'),
	(35, 6, 'Villarreal', 'titanbet'),
	(36, 3, 'Atlético Madrid', 'titanbet'),
	(37, 10, 'Celta de Vigo', 'titanbet'),
	(38, 20, 'Málaga', 'titanbet'),
	(39, 1, 'Real Madrid', 'titanbet'),
	(40, 7, 'Girona', 'titanbet'),
	(41, 17, 'Levante', 'titanbet'),
	(42, 9, 'SD Eibar', 'titanbet'),
	(43, 15, 'Leganés', 'williamHill'),
	(44, 5, 'Sevilla', 'williamHill'),
	(45, 2, 'Barcelona', 'williamHill'),
	(46, 12, 'Athletic Club', 'williamHill'),
	(47, 6, 'Villarreal', 'williamHill'),
	(48, 3, 'Atlético Madrid', 'williamHill'),
	(49, 10, 'Celta', 'williamHill'),
	(50, 20, 'Málaga', 'williamHill'),
	(51, 1, 'Real Madrid', 'williamHill'),
	(52, 7, 'Girona', 'williamHill'),
	(53, 17, 'Levante', 'williamHill'),
	(54, 18, 'Las Palmas', 'williamHill'),
	(55, 13, 'Espanyol', 'williamHill'),
	(56, 16, 'Alavés', 'williamHill'),
	(57, 4, 'Valencia', 'williamHill'),
	(58, 9, 'Eibar', 'williamHill'),
	(59, 14, 'Real Sociedad', 'williamHill'),
	(60, 19, 'Deportivo', 'williamHill'),
	(61, 11, 'Getafe', 'williamHill'),
	(62, 8, 'Real Betis', 'williamHill'),
	(88, 18, 'Las Palmas', 'betfair'),
	(89, 19, 'Deportivo La Coruña', 'betfair'),
	(90, 16, 'Alavés', 'betfair'),
	(91, 15, 'Leganés', 'betfair'),
	(92, 17, 'Levante', 'betfair'),
	(93, 14, 'Real Sociedad', 'betfair'),
	(94, 20, 'Málaga', 'betfair'),
	(95, 10, 'Celta de Vigo', 'betfair'),
	(96, 12, 'Athletic de Bilbao', 'betfair'),
	(97, 13, 'Espanyol', 'betfair'),
	(98, 11, 'Getafe', 'betfair'),
	(99, 8, 'Betis', 'betfair'),
	(100, 7, 'Girona', 'betfair'),
	(101, 9, 'Eibar', 'betfair'),
	(102, 4, 'Valencia', 'betfair'),
	(103, 2, 'FC Barcelona', 'betfair'),
	(104, 6, 'Villarreal', 'betfair'),
	(105, 3, 'Atlético de Madrid', 'betfair'),
	(106, 1, 'Real Madrid', 'betfair'),
	(107, 5, 'Sevilla', 'betfair'),
	(108, 18, 'Las Palmas', '888sport'),
	(109, 20, 'Málaga', '888sport'),
	(110, 19, 'Deportivo La Coruña', '888sport'),
	(111, 17, 'Levante', '888sport'),
	(112, 16, 'Alavés', '888sport'),
	(113, 15, 'Leganés', '888sport'),
	(114, 12, 'Athletic Club Bilbao', '888sport'),
	(115, 11, 'Getafe', '888sport'),
	(116, 13, 'Espanyol', '888sport'),
	(117, 14, 'Real Sociedad', '888sport'),
	(118, 10, 'Celta Vigo', '888sport'),
	(119, 8, 'Real Betis', '888sport'),
	(120, 7, 'Girona FC', '888sport'),
	(121, 9, 'Eibar', '888sport'),
	(122, 5, 'Sevilla', '888sport'),
	(123, 6, 'Villarreal', '888sport'),
	(124, 4, 'Valencia', '888sport'),
	(125, 3, 'Atlético Madrid', '888sport'),
	(126, 2, 'FC Barcelona', '888sport'),
	(127, 1, 'Real Madrid', '888sport'),
	(128, 18, 'UD Las Palmas', 'interwetten'),
	(129, 19, 'Deportivo', 'interwetten'),
	(130, 20, 'Málaga', 'interwetten'),
	(131, 15, 'CD Leganés', 'interwetten'),
	(132, 16, 'Alavés', 'interwetten'),
	(133, 14, 'Real Sociedad de Fútbol', 'interwetten'),
	(134, 12, 'Athletic de Bilbao', 'interwetten'),
	(135, 13, 'RCD Espanyol', 'interwetten'),
	(136, 11, 'Getafe', 'interwetten'),
	(137, 8, 'Betis', 'interwetten'),
	(138, 10, 'RC Celta de Vigo', 'interwetten'),
	(139, 7, 'Girona FC', 'interwetten'),
	(140, 6, 'Villarreal', 'interwetten'),
	(141, 9, 'Eibar', 'interwetten'),
	(142, 4, 'Valencia', 'interwetten'),
	(143, 5, 'Sevilla FC', 'interwetten'),
	(144, 3, 'Atlético Madrid', 'interwetten'),
	(145, 1, 'Real Madrid', 'interwetten'),
	(146, 2, 'Barcelona', 'interwetten'),
	(147, 17, 'Levante', 'interwetten'),
	(148, 20, 'Málaga', 'marcaApuestas'),
	(149, 19, 'Deportivo', 'marcaApuestas'),
	(150, 18, 'Las Palmas', 'marcaApuestas'),
	(151, 17, 'Levante', 'marcaApuestas'),
	(152, 15, 'CD Leganés', 'marcaApuestas'),
	(153, 16, 'CD Alaves', 'marcaApuestas'),
	(154, 14, 'Real Sociedad', 'marcaApuestas'),
	(155, 13, 'Espanyol', 'marcaApuestas'),
	(156, 11, 'Getafe', 'marcaApuestas'),
	(157, 8, 'Real Betis', 'marcaApuestas'),
	(158, 10, 'Celta', 'marcaApuestas'),
	(159, 12, 'Athletic', 'marcaApuestas'),
	(160, 9, 'Eibar', 'marcaApuestas'),
	(161, 7, 'Girona', 'marcaApuestas'),
	(162, 6, 'Villarreal', 'marcaApuestas'),
	(163, 5, 'Sevilla', 'marcaApuestas'),
	(164, 3, 'Atlético', 'marcaApuestas'),
	(165, 2, 'Barcelona', 'marcaApuestas'),
	(166, 4, 'Valencia', 'marcaApuestas'),
	(167, 1, 'Real Madrid', 'marcaApuestas'),
	(168, 18, 'Las Palmas', 'paf'),
	(169, 19, 'Deportivo La Coruña', 'paf'),
	(170, 20, 'Málaga', 'paf'),
	(171, 16, 'Alavés', 'paf'),
	(172, 17, 'Levante', 'paf'),
	(173, 15, 'Leganés', 'paf'),
	(174, 13, 'Espanyol', 'paf'),
	(175, 12, 'Athletic Club Bilbao', 'paf'),
	(176, 14, 'Real Sociedad', 'paf'),
	(177, 10, 'Celta Vigo', 'paf'),
	(178, 9, 'Eibar', 'paf'),
	(179, 8, 'Real Betis', 'paf'),
	(180, 7, 'Girona FC', 'paf'),
	(181, 11, 'Getafe', 'paf'),
	(182, 5, 'Sevilla', 'paf'),
	(183, 6, 'Villarreal', 'paf'),
	(184, 4, 'Valencia', 'paf'),
	(185, 3, 'Atlético Madrid', 'paf'),
	(186, 2, 'FC Barcelona', 'paf'),
	(187, 1, 'Real Madrid', 'paf'),
	(188, 19, 'Deportivo La Coruña', 'bwin'),
	(189, 17, 'Levante', 'bwin'),
	(190, 20, 'Málaga', 'bwin'),
	(191, 18, 'UD Las Palmas', 'bwin'),
	(192, 15, 'Leganés', 'bwin'),
	(193, 14, 'Real Sociedad', 'bwin'),
	(194, 16, 'Dep. Alavés', 'bwin'),
	(195, 10, 'Celta de Vigo', 'bwin'),
	(196, 13, 'Espanyol', 'bwin'),
	(197, 12, 'Athletic Club', 'bwin'),
	(198, 11, 'Getafe', 'bwin'),
	(199, 7, 'Girona', 'bwin'),
	(200, 8, 'Real Betis', 'bwin'),
	(201, 5, 'Sevilla', 'bwin'),
	(202, 4, 'Valencia', 'bwin'),
	(203, 2, 'Barcelona', 'bwin'),
	(204, 3, 'Atlético de Madrid', 'bwin'),
	(205, 6, 'Villarreal', 'bwin'),
	(206, 9, 'Eibar', 'bwin'),
	(207, 1, 'Real Madrid', 'bwin'),
	(208, 19, 'Deportivo La Coruña', 'suertia'),
	(209, 15, 'Leganés', 'suertia'),
	(210, 18, 'Las Palmas', 'suertia'),
	(211, 20, 'Málaga', 'suertia'),
	(212, 17, 'Levante', 'suertia'),
	(213, 10, 'Celta', 'suertia'),
	(214, 13, 'Espanyol', 'suertia'),
	(215, 11, 'Getafe', 'suertia'),
	(216, 8, 'Real Betis', 'suertia'),
	(217, 7, 'Girona', 'suertia'),
	(218, 6, 'Villarreal', 'suertia'),
	(219, 16, 'Alavés', 'suertia'),
	(220, 14, 'Real Sociedad', 'suertia'),
	(221, 12, 'Athletic Club', 'suertia'),
	(222, 5, 'FC Sevilla', 'suertia'),
	(223, 1, 'Real Madrid', 'suertia'),
	(224, 3, 'Atlético Madrid', 'suertia'),
	(225, 9, 'Eibar', 'suertia'),
	(226, 2, 'FC Barcelona', 'suertia'),
	(227, 4, 'Valencia CF', 'suertia'),
	(228, 18, 'Las Palmas', 'bet365'),
	(229, 17, 'Levante', 'bet365'),
	(230, 16, 'Alavés', 'bet365'),
	(231, 20, 'Málaga C.F.', 'bet365'),
	(232, 19, 'Deportivo La Coruña', 'bet365'),
	(233, 15, 'Leganés', 'bet365'),
	(234, 13, 'Espanyol', 'bet365'),
	(235, 14, 'Real Sociedad', 'bet365'),
	(236, 10, 'Celta de Vigo', 'bet365'),
	(237, 11, 'Getafe', 'bet365'),
	(238, 9, 'Eibar', 'bet365'),
	(239, 7, 'Girona', 'bet365'),
	(240, 6, 'Villarreal', 'bet365'),
	(241, 12, 'Athletic de Bilbao', 'bet365'),
	(242, 8, 'Real Betis', 'bet365'),
	(243, 3, 'Atlético de Madrid', 'bet365'),
	(244, 4, 'Valencia', 'bet365'),
	(245, 5, 'Sevilla', 'bet365'),
	(246, 1, 'Real Madrid', 'bet365'),
	(247, 2, 'Barcelona', 'bet365'),
	(248, 15, 'Leganés', 'betStars'),
	(249, 17, 'Levante', 'betStars'),
	(250, 19, 'Deportivo de La Coruña', 'betStars'),
	(251, 18, 'Las Palmas', 'betStars'),
	(252, 16, 'Alavés', 'betStars'),
	(253, 20, 'Málaga CF', 'betStars'),
	(254, 11, 'Getafe', 'betStars'),
	(255, 12, 'Athletic de Bilbao', 'betStars'),
	(256, 13, 'RCD Espanyol', 'betStars'),
	(257, 9, 'SD Eibar', 'betStars'),
	(258, 14, 'Real Sociedad', 'betStars'),
	(259, 7, 'Girona', 'betStars'),
	(260, 10, 'Celta de Vigo', 'betStars'),
	(261, 6, 'Villarreal', 'betStars'),
	(262, 8, 'Real Betis', 'betStars'),
	(263, 4, 'Valencia', 'betStars'),
	(264, 2, 'FC Barcelona', 'betStars'),
	(265, 3, 'Atlético de Madrid', 'betStars'),
	(266, 5, 'Sevilla', 'betStars'),
	(267, 1, 'Real Madrid', 'betStars'),
	(268, 17, 'Levante', 'goldenPark'),
	(269, 20, 'Malaga', 'goldenPark'),
	(270, 18, 'Las Palmas', 'goldenPark'),
	(271, 16, 'Alaves', 'goldenPark'),
	(272, 19, 'Dep La Coruna', 'goldenPark'),
	(273, 10, 'Celta Vigo', 'goldenPark'),
	(274, 15, 'CD Leganes', 'goldenPark'),
	(275, 12, 'Athletic Bilbao', 'goldenPark'),
	(276, 9, 'Eibar', 'goldenPark'),
	(277, 14, 'Real Sociedad', 'goldenPark'),
	(278, 13, 'Espanyol', 'goldenPark'),
	(279, 11, 'Getafe', 'goldenPark'),
	(280, 4, 'Valencia', 'goldenPark'),
	(281, 6, 'Villarreal', 'goldenPark'),
	(282, 7, 'Girona', 'goldenPark'),
	(283, 8, 'Betis', 'goldenPark'),
	(284, 3, 'Atletico Madrid', 'goldenPark'),
	(285, 2, 'Barcelona', 'goldenPark'),
	(286, 1, 'Real Madrid', 'goldenPark'),
	(287, 5, 'Sevilla', 'goldenPark'),
	(288, 18, 'Las Palmas', 'circus'),
	(289, 17, 'Levante', 'circus'),
	(290, 16, 'Alavés', 'circus'),
	(291, 20, 'Málaga', 'circus'),
	(292, 19, 'Deportivo de La Coruña', 'circus'),
	(293, 15, 'Leganés', 'circus'),
	(294, 13, 'Espanyol', 'circus'),
	(295, 14, 'Real Sociedad', 'circus'),
	(296, 12, 'Athletic de Bilbao', 'circus'),
	(297, 9, 'Eibar', 'circus'),
	(298, 10, 'Celta de Vigo', 'circus'),
	(299, 11, 'Getafe', 'circus'),
	(300, 7, 'Girona', 'circus'),
	(301, 5, 'Sevilla', 'circus'),
	(302, 6, 'Villarreal', 'circus'),
	(303, 8, 'Real Betis', 'circus'),
	(304, 4, 'Valencia', 'circus'),
	(305, 3, 'Atlético de Madrid', 'circus'),
	(306, 1, 'Real Madrid', 'circus'),
	(307, 2, 'Barcelona', 'circus'),
	(308, 20, 'MÁLAGA', 'kirolbet'),
	(309, 18, 'LAS PALMAS', 'kirolbet'),
	(310, 19, 'DEPORTIVO', 'kirolbet'),
	(311, 16, 'ALAVÉS', 'kirolbet'),
	(312, 17, 'LEVANTE', 'kirolbet'),
	(313, 15, 'CD LEGANÉS', 'kirolbet'),
	(314, 12, 'ATHLETIC CLUB', 'kirolbet'),
	(315, 13, 'ESPANYOL', 'kirolbet'),
	(316, 11, 'GETAFE', 'kirolbet'),
	(317, 14, 'REAL SOCIEDAD', 'kirolbet'),
	(318, 9, 'EIBAR', 'kirolbet'),
	(319, 10, 'CELTA', 'kirolbet'),
	(320, 8, 'BETIS', 'kirolbet'),
	(321, 7, 'GIRONA', 'kirolbet'),
	(322, 5, 'SEVILLA', 'kirolbet'),
	(323, 6, 'VILLARREAL', 'kirolbet'),
	(324, 4, 'VALENCIA', 'kirolbet'),
	(325, 3, 'AT. MADRID', 'kirolbet'),
	(326, 2, 'F.C. BARCELONA', 'kirolbet'),
	(327, 1, 'REAL MADRID', 'kirolbet');
/*!40000 ALTER TABLE `alias_teams` ENABLE KEYS */;

-- Volcando estructura para tabla bigmyb.bets
CREATE TABLE IF NOT EXISTS `bets` (
  `id` int(11) NOT NULL AUTO_INCREMENT,
  `odd_id` int(11) NOT NULL DEFAULT '0',
  `datetime` varchar(50) DEFAULT '0',
  `option_id` int(11) NOT NULL DEFAULT '0',
  `import` varchar(50) NOT NULL DEFAULT '0',
  `result` int(11) NOT NULL DEFAULT '0',
  `account_id` int(11) DEFAULT NULL,
  PRIMARY KEY (`id`)
) ENGINE=MyISAM DEFAULT CHARSET=latin1;

-- Volcando datos para la tabla bigmyb.bets: 0 rows
DELETE FROM `bets`;
/*!40000 ALTER TABLE `bets` DISABLE KEYS */;
/*!40000 ALTER TABLE `bets` ENABLE KEYS */;

-- Volcando estructura para tabla bigmyb.bet_types
CREATE TABLE IF NOT EXISTS `bet_types` (
  `id` int(11) NOT NULL AUTO_INCREMENT,
  `name` varchar(50) NOT NULL DEFAULT '0',
  `options` varchar(200) NOT NULL DEFAULT '0',
  `sport_id` int(11) NOT NULL DEFAULT '0',
  PRIMARY KEY (`id`)
) ENGINE=MyISAM AUTO_INCREMENT=8 DEFAULT CHARSET=latin1;

-- Volcando datos para la tabla bigmyb.bet_types: 7 rows
DELETE FROM `bet_types`;
/*!40000 ALTER TABLE `bet_types` DISABLE KEYS */;
INSERT INTO `bet_types` (`id`, `name`, `options`, `sport_id`) VALUES
	(1, 'Match_winner', '1,x,2', 1),
	(2, 'Over_under_0,5', 'over,under', 1),
	(3, 'Over_under_1,5', 'over,under', 1),
	(4, 'Over_under_2,5', 'over,under', 1),
	(5, 'Over_under_3,5', 'over,under', 1),
	(6, 'Over_under_4,5', 'over,under', 1),
	(7, 'Over_under_5,5', 'over,under', 1);
/*!40000 ALTER TABLE `bet_types` ENABLE KEYS */;

-- Volcando estructura para tabla bigmyb.competitions
CREATE TABLE IF NOT EXISTS `competitions` (
  `id` int(11) NOT NULL AUTO_INCREMENT,
  `name` varchar(50) NOT NULL DEFAULT '0',
  PRIMARY KEY (`id`)
) ENGINE=MyISAM AUTO_INCREMENT=2 DEFAULT CHARSET=latin1;

-- Volcando datos para la tabla bigmyb.competitions: 1 rows
DELETE FROM `competitions`;
/*!40000 ALTER TABLE `competitions` DISABLE KEYS */;
INSERT INTO `competitions` (`id`, `name`) VALUES
	(1, 'liga');
/*!40000 ALTER TABLE `competitions` ENABLE KEYS */;

-- Volcando estructura para tabla bigmyb.countries
CREATE TABLE IF NOT EXISTS `countries` (
  `id` int(11) NOT NULL AUTO_INCREMENT,
  `name` varchar(50) NOT NULL DEFAULT '0',
  PRIMARY KEY (`id`)
) ENGINE=MyISAM AUTO_INCREMENT=2 DEFAULT CHARSET=latin1;

-- Volcando datos para la tabla bigmyb.countries: 1 rows
DELETE FROM `countries`;
/*!40000 ALTER TABLE `countries` DISABLE KEYS */;
INSERT INTO `countries` (`id`, `name`) VALUES
	(1, 'spain');
/*!40000 ALTER TABLE `countries` ENABLE KEYS */;

-- Volcando estructura para tabla bigmyb.matches
CREATE TABLE IF NOT EXISTS `matches` (
  `id` int(11) NOT NULL AUTO_INCREMENT,
  `home_team_id` int(11) NOT NULL,
  `away_team_id` int(11) NOT NULL,
  `datetime` datetime NOT NULL,
  `competition_id` int(11) DEFAULT NULL,
  `result` varchar(50) DEFAULT NULL,
  PRIMARY KEY (`id`)
) ENGINE=MyISAM AUTO_INCREMENT=46 DEFAULT CHARSET=latin1;

-- Volcando datos para la tabla bigmyb.matches: 42 rows
DELETE FROM `matches`;
/*!40000 ALTER TABLE `matches` DISABLE KEYS */;
INSERT INTO `matches` (`id`, `home_team_id`, `away_team_id`, `datetime`, `competition_id`, `result`) VALUES
	(1, 1, 2, '2017-11-11 22:00:00', 1, ''),
	(4, 19, 18, '2018-03-17 13:00:00', 1, '1-1'),
	(5, 4, 16, '2018-03-17 16:15:00', 1, '3-1'),
	(6, 14, 11, '2018-03-17 18:30:00', 1, '1-2'),
	(7, 8, 13, '2018-03-17 20:45:00', 1, '3-0'),
	(8, 15, 5, '2018-03-18 12:00:00', 1, NULL),
	(9, 2, 12, '2018-03-18 16:15:00', 1, NULL),
	(10, 6, 3, '2018-03-18 18:30:00', 1, NULL),
	(11, 10, 20, '2018-03-18 18:30:00', 1, NULL),
	(12, 1, 7, '2018-03-18 20:45:00', 1, NULL),
	(13, 7, 17, '2018-03-31 12:00:00', 1, NULL),
	(14, 12, 10, '2018-03-31 15:15:00', 1, NULL),
	(15, 18, 1, '2018-03-31 17:30:00', 1, NULL),
	(16, 5, 2, '2018-03-31 19:45:00', 1, NULL),
	(17, 13, 16, '2018-04-01 11:00:00', 1, NULL),
	(18, 15, 4, '2018-04-01 15:15:00', 1, NULL),
	(19, 9, 14, '2018-04-01 17:30:00', 1, NULL),
	(20, 20, 6, '2018-04-01 17:30:00', 1, NULL),
	(21, 3, 19, '2018-04-01 19:45:00', 1, NULL),
	(22, 11, 8, '2018-04-02 20:00:00', 1, NULL),
	(23, 17, 18, '2018-04-08 15:00:00', 1, NULL),
	(24, 1, 3, '2018-04-08 15:00:00', 1, NULL),
	(25, 19, 20, '2018-04-08 15:00:00', 1, NULL),
	(26, 6, 12, '2018-04-08 15:00:00', 1, NULL),
	(27, 10, 5, '2018-04-08 15:00:00', 1, NULL),
	(28, 2, 15, '2018-04-08 15:00:00', 1, NULL),
	(29, 4, 13, '2018-04-08 15:00:00', 1, NULL),
	(30, 16, 11, '2018-04-08 15:00:00', 1, NULL),
	(31, 8, 9, '2018-04-08 15:00:00', 1, NULL),
	(32, 14, 7, '2018-04-08 15:00:00', 1, NULL),
	(33, 15, 10, '2018-04-15 15:00:00', 1, NULL),
	(34, 2, 4, '2018-04-15 15:00:00', 1, NULL),
	(35, 11, 13, '2018-04-15 15:00:00', 1, NULL),
	(36, 9, 16, '2018-04-15 15:00:00', 1, NULL),
	(37, 7, 8, '2018-04-15 15:00:00', 1, NULL),
	(38, 18, 14, '2018-04-15 15:00:00', 1, NULL),
	(39, 3, 17, '2018-04-15 15:00:00', 1, NULL),
	(40, 20, 1, '2018-04-15 15:00:00', 1, NULL),
	(41, 12, 19, '2018-04-15 15:00:00', 1, NULL),
	(42, 5, 6, '2018-04-15 15:00:00', 1, NULL),
	(43, 19, 20, '2018-04-06 20:00:00', 1, NULL),
	(45, 6, 12, '2018-04-09 20:00:00', 1, NULL);
/*!40000 ALTER TABLE `matches` ENABLE KEYS */;

-- Volcando estructura para tabla bigmyb.odds
CREATE TABLE IF NOT EXISTS `odds` (
  `id` int(11) NOT NULL AUTO_INCREMENT,
  `match_id` int(11) NOT NULL DEFAULT '0',
  `bet_type_id` int(11) NOT NULL DEFAULT '0',
  `value` varchar(50) NOT NULL,
  `datetime` datetime NOT NULL,
  `datetime_last` datetime NOT NULL DEFAULT CURRENT_TIMESTAMP ON UPDATE CURRENT_TIMESTAMP,
  `sportsbook_id` int(11) DEFAULT '0',
  `result` int(11) DEFAULT NULL,
  PRIMARY KEY (`id`)
) ENGINE=MyISAM AUTO_INCREMENT=298 DEFAULT CHARSET=latin1;

-- Volcando datos para la tabla bigmyb.odds: 234 rows
DELETE FROM `odds`;
/*!40000 ALTER TABLE `odds` DISABLE KEYS */;
INSERT INTO `odds` (`id`, `match_id`, `bet_type_id`, `value`, `datetime`, `datetime_last`, `sportsbook_id`, `result`) VALUES
	(263, 25, 1, '1.91,3.30,4.33', '2018-03-25 21:26:38', '2018-03-25 21:29:26', 4, NULL),
	(262, 14, 1, '2.15,3.25,3.50', '2018-03-25 21:26:38', '2018-03-25 21:29:26', 4, NULL),
	(31, 5, 1, '1.48,4.333,7.50', '2018-03-17 13:54:44', '2018-03-17 13:54:44', 15, 1),
	(30, 12, 1, '1.18,7.50,17.00', '2018-03-17 10:59:52', '2018-03-17 10:59:52', 10, NULL),
	(29, 11, 1, '1.53,4.00,7.00', '2018-03-17 10:59:52', '2018-03-17 10:59:52', 10, NULL),
	(28, 10, 1, '4.00,3.20,2.11', '2018-03-17 10:59:52', '2018-03-17 10:59:52', 10, NULL),
	(27, 9, 1, '1.14,8.00,23.00', '2018-03-17 10:59:52', '2018-03-17 10:59:52', 10, NULL),
	(26, 8, 1, '3.60,3.30,2.20', '2018-03-17 10:59:52', '2018-03-17 10:59:52', 10, NULL),
	(25, 7, 1, '2.30,3.30,3.30', '2018-03-17 10:59:52', '2018-03-17 10:59:52', 10, 1),
	(24, 6, 1, '1.72,3.75,5.00', '2018-03-17 10:59:52', '2018-03-17 10:59:52', 10, 3),
	(23, 5, 1, '1.44,4.50,8.00', '2018-03-17 10:59:52', '2018-03-17 10:59:52', 10, 1),
	(264, 26, 1, '1.95,3.40,4.00', '2018-03-25 21:26:38', '2018-03-25 21:29:26', 4, NULL),
	(32, 6, 1, '1.727,3.80,5.00', '2018-03-17 13:54:44', '2018-03-17 13:54:44', 15, 3),
	(33, 7, 1, '2.25,3.35,3.30', '2018-03-17 13:54:44', '2018-03-17 13:54:44', 15, 1),
	(34, 8, 1, '3.60,3.30,2.15', '2018-03-17 13:54:44', '2018-03-17 13:54:44', 15, NULL),
	(35, 9, 1, '1.142,8.00,21.00', '2018-03-17 13:54:44', '2018-03-17 13:54:44', 15, NULL),
	(36, 10, 1, '3.90,3.25,2.10', '2018-03-17 13:54:44', '2018-03-17 13:54:44', 15, NULL),
	(37, 11, 1, '1.533,4.20,7.00', '2018-03-17 13:54:44', '2018-03-17 13:54:44', 15, NULL),
	(38, 12, 1, '1.20,7.50,12.00', '2018-03-17 13:54:44', '2018-03-17 13:54:44', 15, NULL),
	(39, 13, 1, '1.615,3.80,5.50', '2018-03-17 13:54:44', '2018-03-17 13:54:44', 15, NULL),
	(40, 14, 1, '2.15,3.30,3.45', '2018-03-17 13:54:44', '2018-03-17 13:54:44', 15, NULL),
	(41, 15, 1, '10.00,6.25,1.25', '2018-03-17 13:54:44', '2018-03-17 13:54:44', 15, NULL),
	(42, 16, 1, '4.50,4.00,1.666', '2018-03-17 13:54:44', '2018-03-17 13:54:44', 15, NULL),
	(43, 17, 1, '2.00,3.25,4.00', '2018-03-17 13:54:44', '2018-03-17 13:54:44', 15, NULL),
	(44, 18, 1, '3.60,3.25,2.10', '2018-03-17 13:54:44', '2018-03-17 13:54:44', 15, NULL),
	(45, 19, 1, '2.375,3.40,2.90', '2018-03-17 13:54:44', '2018-03-17 13:54:44', 15, NULL),
	(46, 20, 1, '3.30,3.20,2.25', '2018-03-17 13:54:44', '2018-03-17 13:54:44', 15, NULL),
	(47, 21, 1, '1.166,6.50,21.00', '2018-03-17 13:54:44', '2018-03-17 13:54:44', 15, NULL),
	(48, 22, 1, '2.00,3.40,3.85', '2018-03-17 13:54:44', '2018-03-17 13:54:44', 15, NULL),
	(49, 23, 1, '2.30,3.30,3.10', '2018-03-17 13:54:44', '2018-03-17 13:54:44', 15, NULL),
	(50, 24, 1, '1.75,3.55,4.75', '2018-03-17 13:54:44', '2018-03-17 13:54:44', 15, NULL),
	(51, 25, 1, '1.75,3.55,4.75', '2018-03-17 13:54:44', '2018-03-17 13:54:44', 15, NULL),
	(52, 26, 1, '1.833,3.45,4.50', '2018-03-17 13:54:44', '2018-03-17 13:54:44', 15, NULL),
	(53, 27, 1, '2.90,3.35,2.40', '2018-03-17 13:54:44', '2018-03-17 13:54:44', 15, NULL),
	(54, 28, 1, '1.083,10.00,26.00', '2018-03-17 13:54:44', '2018-03-17 13:54:44', 15, NULL),
	(55, 29, 1, '1.42,4.20,8.50', '2018-03-17 13:54:44', '2018-03-17 13:54:44', 15, NULL),
	(56, 30, 1, '2.20,3.10,3.50', '2018-03-17 13:54:44', '2018-03-17 13:54:44', 15, NULL),
	(57, 31, 1, '2.30,3.30,3.10', '2018-03-17 13:54:44', '2018-03-17 13:54:44', 15, NULL),
	(58, 32, 1, '1.90,3.45,4.20', '2018-03-17 13:54:44', '2018-03-17 13:54:44', 15, NULL),
	(59, 5, 1, '1.50,4.33,7.00', '2018-03-17 13:58:18', '2018-03-17 13:58:18', 10, 1),
	(60, 6, 1, '1.72,3.75,5.00', '2018-03-17 13:58:18', '2018-03-17 13:58:18', 10, 3),
	(61, 7, 1, '2.25,3.40,3.30', '2018-03-17 16:24:59', '2018-03-17 16:24:59', 10, 1),
	(62, 8, 1, '3.60,3.30,2.20', '2018-03-17 16:24:59', '2018-03-17 16:24:59', 10, NULL),
	(63, 9, 1, '1.14,8.00,23.00', '2018-03-17 16:24:59', '2018-03-17 16:24:59', 10, NULL),
	(64, 10, 1, '4.00,3.20,2.11', '2018-03-17 16:24:59', '2018-03-17 16:24:59', 10, NULL),
	(65, 11, 1, '1.53,4.00,7.00', '2018-03-18 11:23:07', '2018-03-18 11:23:07', 10, NULL),
	(66, 12, 1, '1.16,8.00,17.00', '2018-03-17 13:58:18', '2018-03-17 13:58:18', 10, NULL),
	(67, 5, 1, '1.48,4.333,7.50', '2018-03-17 13:57:52', '2018-03-17 13:57:52', 15, 1),
	(68, 6, 1, '1.727,3.80,5.00', '2018-03-17 16:25:09', '2018-03-17 16:25:09', 15, 3),
	(69, 7, 1, '2.25,3.35,3.30', '2018-03-17 16:25:09', '2018-03-17 16:25:09', 15, 1),
	(70, 8, 1, '3.60,3.30,2.15', '2018-03-17 16:25:09', '2018-03-17 16:25:09', 15, NULL),
	(71, 9, 1, '1.142,8.00,21.00', '2018-03-17 13:57:52', '2018-03-17 13:57:52', 15, NULL),
	(72, 10, 1, '3.90,3.25,2.10', '2018-03-17 16:25:09', '2018-03-17 16:25:09', 15, NULL),
	(73, 11, 1, '1.533,4.20,7.00', '2018-03-17 16:25:09', '2018-03-17 16:25:09', 15, NULL),
	(74, 12, 1, '1.20,7.50,12.00', '2018-03-17 16:25:09', '2018-03-17 16:25:09', 15, NULL),
	(75, 13, 1, '1.615,3.80,5.50', '2018-03-18 11:23:22', '2018-03-18 11:23:22', 15, NULL),
	(76, 14, 1, '2.15,3.30,3.45', '2018-03-18 21:28:45', '2018-03-18 21:28:45', 15, NULL),
	(77, 15, 1, '10.00,6.25,1.25', '2018-03-18 11:23:22', '2018-03-18 11:23:22', 15, NULL),
	(78, 16, 1, '4.50,4.00,1.666', '2018-03-18 11:23:22', '2018-03-18 11:23:22', 15, NULL),
	(79, 17, 1, '2.00,3.25,4.00', '2018-03-17 16:25:09', '2018-03-17 16:25:09', 15, NULL),
	(80, 18, 1, '3.60,3.25,2.10', '2018-03-17 16:25:09', '2018-03-17 16:25:09', 15, NULL),
	(81, 19, 1, '2.375,3.40,2.90', '2018-03-18 11:23:22', '2018-03-18 11:23:22', 15, NULL),
	(82, 20, 1, '3.30,3.20,2.25', '2018-03-18 11:23:22', '2018-03-18 11:23:22', 15, NULL),
	(83, 21, 1, '1.166,6.50,21.00', '2018-03-18 11:23:22', '2018-03-18 11:23:22', 15, NULL),
	(84, 22, 1, '2.00,3.40,3.85', '2018-03-18 21:28:45', '2018-03-18 21:28:45', 15, NULL),
	(85, 23, 1, '2.30,3.30,3.10', '2018-03-18 11:23:22', '2018-03-18 11:23:22', 15, NULL),
	(86, 24, 1, '1.75,3.55,4.75', '2018-03-18 11:23:22', '2018-03-18 11:23:22', 15, NULL),
	(87, 25, 1, '1.75,3.55,4.75', '2018-03-18 11:23:22', '2018-03-18 11:23:22', 15, NULL),
	(88, 26, 1, '1.833,3.45,4.50', '2018-03-18 11:23:22', '2018-03-18 11:23:22', 15, NULL),
	(89, 27, 1, '2.90,3.35,2.40', '2018-03-17 16:25:09', '2018-03-17 16:25:09', 15, NULL),
	(90, 28, 1, '1.083,10.00,26.00', '2018-03-18 11:23:22', '2018-03-18 11:23:22', 15, NULL),
	(91, 29, 1, '1.42,4.20,8.50', '2018-03-18 11:23:22', '2018-03-18 11:23:22', 15, NULL),
	(92, 30, 1, '2.20,3.10,3.50', '2018-03-18 11:23:22', '2018-03-18 11:23:22', 15, NULL),
	(93, 31, 1, '2.30,3.30,3.10', '2018-03-18 11:23:22', '2018-03-18 11:23:22', 15, NULL),
	(94, 32, 1, '1.90,3.45,4.20', '2018-03-17 13:57:52', '2018-03-17 13:57:52', 15, NULL),
	(95, 5, 1, '1.44,4.50,8.00', '2018-03-17 15:36:39', '2018-03-17 15:36:39', 10, 1),
	(96, 6, 1, '1.72,3.80,5.00', '2018-03-17 15:36:39', '2018-03-17 15:36:39', 10, 3),
	(97, 12, 1, '1.18,7.50,17.00', '2018-03-17 16:24:59', '2018-03-17 16:24:59', 10, NULL),
	(98, 6, 1, '1.72,3.70,5.50', '2018-03-17 16:24:59', '2018-03-17 16:24:59', 10, 3),
	(99, 9, 1, '1.153,8.00,19.00', '2018-03-17 16:25:09', '2018-03-17 16:25:09', 15, NULL),
	(100, 32, 1, '1.85,3.50,4.20', '2018-03-18 11:23:22', '2018-03-18 11:23:22', 15, NULL),
	(101, 8, 1, '3.50,3.25,2.15', '2018-03-17 20:26:29', '2018-03-17 20:26:29', 4, NULL),
	(102, 9, 1, '1.17,7.00,17.00', '2018-03-17 20:26:29', '2018-03-17 20:26:29', 4, NULL),
	(103, 10, 1, '3.75,3.00,2.15', '2018-03-17 20:26:29', '2018-03-17 20:26:29', 4, NULL),
	(104, 11, 1, '1.50,4.20,6.50', '2018-03-17 20:26:29', '2018-03-17 20:26:29', 4, NULL),
	(105, 12, 1, '1.20,6.50,13.00', '2018-03-17 20:26:29', '2018-03-17 20:26:29', 4, NULL),
	(106, 13, 1, '1.61,3.80,5.50', '2018-03-17 20:26:29', '2018-03-17 20:26:29', 4, NULL),
	(107, 14, 1, '2.25,3.30,3.20', '2018-03-17 20:26:29', '2018-03-17 20:26:29', 4, NULL),
	(108, 15, 1, '11.00,6.00,1.25', '2018-03-17 20:26:29', '2018-03-17 20:26:29', 4, NULL),
	(109, 16, 1, '4.50,4.00,1.70', '2018-03-17 20:26:29', '2018-03-17 20:26:29', 4, NULL),
	(110, 17, 1, '2.05,3.10,4.00', '2018-03-17 20:26:29', '2018-03-17 20:26:29', 4, NULL),
	(111, 18, 1, '3.50,3.25,2.15', '2018-03-17 20:26:29', '2018-03-17 20:26:29', 4, NULL),
	(112, 20, 1, '3.30,3.20,2.25', '2018-03-17 20:26:29', '2018-03-17 20:26:29', 4, NULL),
	(113, 19, 1, '2.37,3.40,2.90', '2018-03-17 20:26:29', '2018-03-17 20:26:29', 4, NULL),
	(114, 21, 1, '1.18,6.50,17.00', '2018-03-17 20:26:29', '2018-03-17 20:26:29', 4, NULL),
	(115, 22, 1, '2.00,3.40,3.80', '2018-03-17 20:26:29', '2018-03-17 20:26:29', 4, NULL),
	(116, 8, 1, '3.50,3.25,2.15', '2018-03-17 20:29:00', '2018-03-17 20:29:00', 4, NULL),
	(117, 9, 1, '1.17,7.00,17.00', '2018-03-17 20:29:00', '2018-03-17 20:29:00', 4, NULL),
	(118, 10, 1, '3.75,3.00,2.15', '2018-03-17 20:29:00', '2018-03-17 20:29:00', 4, NULL),
	(119, 11, 1, '1.50,4.20,6.50', '2018-03-17 20:29:00', '2018-03-17 20:29:00', 4, NULL),
	(120, 12, 1, '1.20,6.50,13.00', '2018-03-17 20:29:00', '2018-03-17 20:29:00', 4, NULL),
	(121, 13, 1, '1.61,3.80,5.50', '2018-03-18 21:28:40', '2018-03-19 21:22:42', 4, NULL),
	(122, 14, 1, '2.25,3.30,3.20', '2018-03-18 21:28:40', '2018-03-22 00:35:00', 4, NULL),
	(123, 15, 1, '11.00,6.00,1.25', '2018-03-18 21:28:40', '2018-03-19 21:22:42', 4, NULL),
	(124, 16, 1, '4.50,4.00,1.70', '2018-03-18 21:28:40', '2018-03-25 21:29:26', 4, NULL),
	(125, 17, 1, '2.05,3.10,4.00', '2018-03-18 21:28:40', '2018-03-25 21:29:26', 4, NULL),
	(126, 18, 1, '3.50,3.25,2.15', '2018-03-18 21:28:40', '2018-03-18 21:28:40', 4, NULL),
	(127, 20, 1, '3.30,3.20,2.25', '2018-03-18 21:28:40', '2018-03-25 21:29:26', 4, NULL),
	(128, 19, 1, '2.37,3.40,2.90', '2018-03-18 21:28:40', '2018-03-25 21:29:26', 4, NULL),
	(129, 21, 1, '1.18,6.50,17.00', '2018-03-18 21:28:40', '2018-03-19 21:22:42', 4, NULL),
	(130, 22, 1, '2.00,3.40,3.80', '2018-03-18 21:28:40', '2018-03-25 21:29:26', 4, NULL),
	(131, 8, 1, '3.80,3.30,2.11', '2018-03-18 11:23:07', '2018-03-18 11:23:07', 10, NULL),
	(132, 9, 1, '1.13,9.00,23.00', '2018-03-18 11:23:07', '2018-03-18 11:23:07', 10, NULL),
	(133, 10, 1, '3.80,3.30,2.10', '2018-03-18 11:23:07', '2018-03-18 11:23:07', 10, NULL),
	(134, 12, 1, '1.15,8.50,17.00', '2018-03-18 11:23:07', '2018-03-18 11:23:07', 10, NULL),
	(135, 8, 1, '3.70,3.35,2.10', '2018-03-18 11:23:22', '2018-03-18 11:23:22', 15, NULL),
	(136, 9, 1, '1.142,8.00,21.00', '2018-03-18 11:23:22', '2018-03-18 11:23:22', 15, NULL),
	(137, 10, 1, '3.95,3.30,2.05', '2018-03-18 11:23:22', '2018-03-18 11:23:22', 15, NULL),
	(138, 11, 1, '1.533,4.00,7.00', '2018-03-18 11:23:22', '2018-03-18 11:23:22', 15, NULL),
	(139, 12, 1, '1.181,8.00,13.00', '2018-03-18 11:23:22', '2018-03-18 11:23:22', 15, NULL),
	(140, 17, 1, '2.10,3.20,3.75', '2018-03-18 21:28:45', '2018-03-18 21:28:45', 15, NULL),
	(141, 18, 1, '3.75,3.30,2.05', '2018-03-18 11:23:22', '2018-03-18 11:23:22', 15, NULL),
	(142, 27, 1, '2.75,3.30,2.55', '2018-03-18 11:23:22', '2018-03-18 11:23:22', 15, NULL),
	(143, 13, 1, '1.615,3.80,5.75', '2018-03-18 21:28:45', '2018-03-18 21:28:45', 15, NULL),
	(144, 15, 1, '9.50,6.00,1.285', '2018-03-18 21:28:45', '2018-03-18 21:28:45', 15, NULL),
	(145, 16, 1, '4.333,3.90,1.75', '2018-03-18 21:28:45', '2018-03-18 21:28:45', 15, NULL),
	(146, 18, 1, '3.90,3.30,2.00', '2018-03-18 21:28:45', '2018-03-18 21:28:45', 15, NULL),
	(147, 19, 1, '2.50,3.35,2.75', '2018-03-18 21:28:45', '2018-03-18 21:28:45', 15, NULL),
	(148, 20, 1, '3.10,3.10,2.375', '2018-03-18 21:28:45', '2018-03-18 21:28:45', 15, NULL),
	(149, 21, 1, '1.181,6.25,17.00', '2018-03-18 21:28:45', '2018-03-18 21:28:45', 15, NULL),
	(150, 23, 1, '2.15,3.35,3.40', '2018-03-18 21:28:45', '2018-03-18 21:28:45', 15, NULL),
	(151, 24, 1, '1.90,3.60,3.95', '2018-03-18 21:28:45', '2018-03-18 21:28:45', 15, NULL),
	(152, 25, 1, '1.85,3.50,4.20', '2018-03-18 21:28:45', '2018-03-18 21:28:45', 15, NULL),
	(153, 26, 1, '2.10,3.40,3.50', '2018-03-18 21:28:45', '2018-03-18 21:28:45', 15, NULL),
	(154, 27, 1, '2.45,3.35,2.80', '2018-03-18 21:28:45', '2018-03-18 21:28:45', 15, NULL),
	(155, 28, 1, '1.133,8.00,21.00', '2018-03-18 21:28:45', '2018-03-18 21:28:45', 15, NULL),
	(156, 29, 1, '1.50,4.20,6.50', '2018-03-18 21:28:45', '2018-03-18 21:28:45', 15, NULL),
	(157, 30, 1, '2.45,3.10,3.00', '2018-03-18 21:28:45', '2018-03-18 21:28:45', 15, NULL),
	(158, 31, 1, '2.45,3.25,2.875', '2018-03-18 21:28:45', '2018-03-18 21:28:45', 15, NULL),
	(159, 32, 1, '1.833,3.70,4.20', '2018-03-18 21:28:45', '2018-03-18 21:28:45', 15, NULL),
	(160, 18, 1, '3.75,3.25,2.05', '2018-03-19 21:22:16', '2018-03-25 21:29:26', 4, NULL),
	(240, 21, 1, '1.22,6.00,17.00', '2018-03-22 00:34:50', '2018-03-25 21:35:32', 10, NULL),
	(239, 19, 1, '2.40,3.40,3.00', '2018-03-22 00:34:50', '2018-03-25 21:35:32', 10, NULL),
	(238, 20, 1, '3.30,3.20,2.35', '2018-03-22 00:34:50', '2018-03-22 00:34:50', 10, NULL),
	(237, 18, 1, '4.00,3.30,2.05', '2018-03-22 00:34:50', '2018-03-22 00:34:50', 10, NULL),
	(236, 17, 1, '2.05,3.25,4.00', '2018-03-22 00:34:50', '2018-03-25 21:35:32', 10, NULL),
	(235, 16, 1, '5.00,4.00,1.72', '2018-03-22 00:34:50', '2018-03-22 00:34:50', 10, NULL),
	(234, 15, 1, '10.00,6.00,1.30', '2018-03-22 00:34:50', '2018-03-22 00:34:50', 10, NULL),
	(233, 14, 1, '2.20,3.30,3.60', '2018-03-22 00:34:50', '2018-03-22 00:34:50', 10, NULL),
	(232, 13, 1, '1.61,3.80,6.00', '2018-03-22 00:34:50', '2018-03-25 21:35:32', 10, NULL),
	(231, 13, 1, '1.615,3.80,5.50', '2018-03-20 00:00:18', '2018-03-25 21:35:59', 15, NULL),
	(230, 42, 1, '1.90,3.50,4.20', '2018-03-19 21:28:38', '2018-03-22 00:34:56', 15, NULL),
	(265, 14, 1, '2.11,3.30,3.75', '2018-03-25 21:35:32', '2018-03-25 21:35:32', 10, NULL),
	(228, 40, 1, '12.00,6.50,1.222', '2018-03-19 21:28:38', '2018-03-22 00:34:56', 15, NULL),
	(227, 39, 1, '1.166,7.00,17.00', '2018-03-19 21:28:38', '2018-03-22 00:34:56', 15, NULL),
	(226, 38, 1, '2.70,3.35,2.55', '2018-03-19 21:28:38', '2018-03-22 00:34:56', 15, NULL),
	(225, 37, 1, '2.00,3.45,3.65', '2018-03-19 21:28:38', '2018-03-22 00:34:56', 15, NULL),
	(224, 36, 1, '1.833,3.40,4.50', '2018-03-19 21:28:38', '2018-03-22 00:34:56', 15, NULL),
	(223, 35, 1, '2.20,3.20,3.35', '2018-03-19 21:28:38', '2018-03-22 00:34:56', 15, NULL),
	(222, 34, 1, '1.25,5.75,11.00', '2018-03-19 21:28:38', '2018-03-22 00:34:56', 15, NULL),
	(221, 33, 1, '2.45,3.35,2.80', '2018-03-19 21:28:38', '2018-03-22 00:34:56', 15, NULL),
	(220, 32, 1, '1.769,3.75,4.333', '2018-03-19 21:28:38', '2018-03-22 00:34:56', 15, NULL),
	(219, 31, 1, '2.35,3.30,3.00', '2018-03-19 21:28:38', '2018-03-22 00:34:56', 15, NULL),
	(218, 30, 1, '2.375,3.10,3.20', '2018-03-19 21:28:38', '2018-03-20 00:00:18', 15, NULL),
	(217, 29, 1, '1.48,4.20,7.00', '2018-03-19 21:28:38', '2018-03-22 00:34:56', 15, NULL),
	(216, 27, 1, '2.30,3.40,3.00', '2018-03-19 21:28:38', '2018-03-22 00:34:56', 15, NULL),
	(215, 26, 1, '1.909,3.45,4.00', '2018-03-19 21:28:38', '2018-03-20 00:00:18', 15, NULL),
	(214, 25, 1, '1.85,3.45,4.333', '2018-03-19 21:28:38', '2018-03-20 00:00:18', 15, NULL),
	(213, 24, 1, '1.833,3.65,4.20', '2018-03-19 21:28:38', '2018-03-22 00:34:56', 15, NULL),
	(212, 23, 1, '1.95,3.35,4.00', '2018-03-19 21:28:38', '2018-03-22 00:34:56', 15, NULL),
	(211, 28, 1, '1.133,8.00,19.00', '2018-03-19 21:28:38', '2018-03-25 21:35:59', 15, NULL),
	(210, 22, 1, '2.00,3.40,3.80', '2018-03-19 21:28:38', '2018-03-22 00:34:56', 15, NULL),
	(209, 21, 1, '1.222,5.75,15.00', '2018-03-19 21:28:38', '2018-03-20 00:00:18', 15, NULL),
	(208, 20, 1, '3.20,3.10,2.35', '2018-03-19 21:28:38', '2018-03-22 00:34:56', 15, NULL),
	(207, 19, 1, '2.40,3.35,2.90', '2018-03-19 21:28:38', '2018-03-22 00:34:56', 15, NULL),
	(206, 18, 1, '3.95,3.30,2.00', '2018-03-19 21:28:38', '2018-03-22 00:34:56', 15, NULL),
	(205, 17, 1, '2.05,3.20,3.90', '2018-03-19 21:28:38', '2018-03-20 00:00:18', 15, NULL),
	(204, 16, 1, '4.50,3.90,1.727', '2018-03-19 21:28:38', '2018-03-20 00:00:18', 15, NULL),
	(203, 15, 1, '11.00,6.00,1.25', '2018-03-19 21:28:38', '2018-03-20 00:00:18', 15, NULL),
	(202, 14, 1, '2.10,3.30,3.50', '2018-03-19 21:28:38', '2018-03-22 00:34:56', 15, NULL),
	(201, 13, 1, '1.65,3.70,5.50', '2018-03-19 21:28:38', '2018-03-19 21:29:24', 15, NULL),
	(241, 22, 1, '2.05,3.40,3.80', '2018-03-22 00:34:50', '2018-03-25 21:35:32', 10, NULL),
	(242, 15, 1, '10.00,6.00,1.25', '2018-03-22 00:34:56', '2018-03-22 00:34:56', 15, NULL),
	(243, 16, 1, '4.50,3.95,1.727', '2018-03-22 00:34:56', '2018-03-22 00:34:56', 15, NULL),
	(244, 17, 1, '2.00,3.20,4.20', '2018-03-22 00:34:56', '2018-03-22 00:34:56', 15, NULL),
	(245, 21, 1, '1.222,5.50,15.00', '2018-03-22 00:34:56', '2018-03-22 00:34:56', 15, NULL),
	(246, 43, 1, '1.85,3.45,4.333', '2018-03-22 00:34:56', '2018-03-22 00:34:56', 15, NULL),
	(247, 30, 1, '2.375,3.10,3.20', '2018-03-22 00:34:56', '2018-03-25 20:58:14', 15, NULL),
	(248, 3, 1, '1.909,3.40,4.20', '2018-03-22 00:34:56', '2018-03-25 20:40:08', 15, NULL),
	(249, 13, 1, '1.67,3.60,5.50', '2018-03-22 00:35:00', '2018-03-25 21:29:26', 4, NULL),
	(250, 15, 1, '8.50,6.00,1.28', '2018-03-22 00:35:00', '2018-03-25 21:29:26', 4, NULL),
	(251, 21, 1, '1.22,5.50,13.00', '2018-03-22 00:35:00', '2018-03-25 21:29:26', 4, NULL),
	(252, 43, 1, '1.91,3.30,4.33', '2018-03-22 00:35:00', '2018-03-22 00:35:00', 4, NULL),
	(253, 30, 1, '2.37,3.00,3.25', '2018-03-22 00:35:00', '2018-03-25 21:29:26', 4, NULL),
	(254, 27, 1, '2.37,3.40,2.90', '2018-03-22 00:35:00', '2018-03-25 21:29:26', 4, NULL),
	(255, 31, 1, '2.37,3.40,2.90', '2018-03-22 00:35:00', '2018-03-25 21:29:26', 4, NULL),
	(256, 28, 1, '1.14,7.50,19.00', '2018-03-22 00:35:00', '2018-03-25 21:29:26', 4, NULL),
	(257, 29, 1, '1.50,4.00,7.00', '2018-03-22 00:35:00', '2018-03-25 21:29:26', 4, NULL),
	(258, 24, 1, '1.83,3.60,4.20', '2018-03-22 00:35:00', '2018-03-25 21:29:26', 4, NULL),
	(259, 32, 1, '1.80,3.75,4.20', '2018-03-22 00:35:00', '2018-03-25 21:29:26', 4, NULL),
	(260, 23, 1, '2.00,3.40,3.80', '2018-03-22 00:35:00', '2018-03-25 21:29:26', 4, NULL),
	(261, 3, 1, '1.95,3.40,4.00', '2018-03-22 00:35:00', '2018-03-25 20:40:08', 4, NULL),
	(266, 15, 1, '11.00,6.50,1.25', '2018-03-25 21:35:32', '2018-03-25 21:35:32', 10, NULL),
	(267, 16, 1, '5.00,4.00,1.66', '2018-03-25 21:35:32', '2018-03-25 21:35:32', 10, NULL),
	(268, 18, 1, '3.80,3.30,2.10', '2018-03-25 21:35:32', '2018-03-25 21:35:32', 10, NULL),
	(269, 20, 1, '3.50,3.10,2.30', '2018-03-25 21:35:32', '2018-03-25 21:35:32', 10, NULL),
	(270, 14, 1, '2.10,3.30,3.60', '2018-03-25 21:35:59', '2018-03-25 21:36:00', 15, NULL),
	(271, 15, 1, '9.50,6.25,1.25', '2018-03-25 21:35:59', '2018-03-25 21:36:00', 15, NULL),
	(272, 16, 1, '4.50,4.00,1.70', '2018-03-25 21:35:59', '2018-03-25 21:36:00', 15, NULL),
	(273, 17, 1, '2.00,3.20,4.00', '2018-03-25 21:35:59', '2018-03-25 21:36:00', 15, NULL),
	(274, 18, 1, '3.75,3.30,2.05', '2018-03-25 21:35:59', '2018-03-25 21:36:00', 15, NULL),
	(275, 19, 1, '2.40,3.30,2.95', '2018-03-25 21:35:59', '2018-03-25 21:36:00', 15, NULL),
	(276, 20, 1, '3.35,3.20,2.25', '2018-03-25 21:35:59', '2018-03-25 21:36:00', 15, NULL),
	(277, 21, 1, '1.222,5.75,15.00', '2018-03-25 21:35:59', '2018-03-25 21:36:00', 15, NULL),
	(278, 22, 1, '2.00,3.35,3.75', '2018-03-25 21:35:59', '2018-03-25 21:36:00', 15, NULL),
	(279, 25, 1, '1.85,3.45,4.20', '2018-03-25 21:35:59', '2018-03-25 21:36:00', 15, NULL),
	(280, 30, 1, '2.40,3.10,3.20', '2018-03-25 21:35:59', '2018-03-25 21:36:00', 15, NULL),
	(281, 27, 1, '2.30,3.40,2.95', '2018-03-25 21:35:59', '2018-03-25 21:36:00', 15, NULL),
	(282, 31, 1, '2.375,3.30,3.00', '2018-03-25 21:35:59', '2018-03-25 21:36:00', 15, NULL),
	(283, 23, 1, '1.95,3.35,3.95', '2018-03-25 21:35:59', '2018-03-25 21:36:00', 15, NULL),
	(284, 24, 1, '1.85,3.65,4.00', '2018-03-25 21:35:59', '2018-03-25 21:36:00', 15, NULL),
	(285, 32, 1, '1.769,3.70,4.333', '2018-03-25 21:35:59', '2018-03-25 21:36:00', 15, NULL),
	(286, 29, 1, '1.50,4.00,6.50', '2018-03-25 21:35:59', '2018-03-25 21:36:00', 15, NULL),
	(287, 26, 1, '1.95,3.45,4.00', '2018-03-25 21:35:59', '2018-03-25 21:36:00', 15, NULL),
	(288, 33, 1, '2.45,3.35,2.85', '2018-03-25 21:35:59', '2018-03-25 21:36:00', 15, NULL),
	(289, 34, 1, '1.25,5.75,12.00', '2018-03-25 21:35:59', '2018-03-25 21:36:00', 15, NULL),
	(290, 35, 1, '2.20,3.25,3.35', '2018-03-25 21:35:59', '2018-03-25 21:36:00', 15, NULL),
	(291, 36, 1, '1.85,3.40,4.50', '2018-03-25 21:35:59', '2018-03-25 21:36:00', 15, NULL),
	(292, 37, 1, '2.00,3.40,3.65', '2018-03-25 21:35:59', '2018-03-25 21:36:00', 15, NULL),
	(293, 38, 1, '2.70,3.40,2.55', '2018-03-25 21:35:59', '2018-03-25 21:36:00', 15, NULL),
	(294, 39, 1, '1.166,6.50,17.00', '2018-03-25 21:35:59', '2018-03-25 21:36:00', 15, NULL),
	(295, 40, 1, '12.00,6.25,1.222', '2018-03-25 21:35:59', '2018-03-25 21:36:00', 15, NULL),
	(296, 41, 1, '1.769,3.60,4.50', '2018-03-25 21:35:59', '2018-03-25 21:36:00', 15, NULL),
	(297, 42, 1, '1.90,3.50,4.00', '2018-03-25 21:35:59', '2018-03-25 21:36:00', 15, NULL);
/*!40000 ALTER TABLE `odds` ENABLE KEYS */;

-- Volcando estructura para tabla bigmyb.sports
CREATE TABLE IF NOT EXISTS `sports` (
  `id` int(11) NOT NULL AUTO_INCREMENT,
  `name` varchar(50) DEFAULT '0',
  PRIMARY KEY (`id`)
) ENGINE=MyISAM AUTO_INCREMENT=4 DEFAULT CHARSET=latin1;

-- Volcando datos para la tabla bigmyb.sports: 3 rows
DELETE FROM `sports`;
/*!40000 ALTER TABLE `sports` DISABLE KEYS */;
INSERT INTO `sports` (`id`, `name`) VALUES
	(1, 'soccer'),
	(2, 'basketball'),
	(3, 'tennis');
/*!40000 ALTER TABLE `sports` ENABLE KEYS */;

-- Volcando estructura para tabla bigmyb.sportsbooks
CREATE TABLE IF NOT EXISTS `sportsbooks` (
  `id` int(11) NOT NULL AUTO_INCREMENT,
  `name` varchar(50) NOT NULL DEFAULT '0',
  PRIMARY KEY (`id`)
) ENGINE=MyISAM AUTO_INCREMENT=21 DEFAULT CHARSET=latin1;

-- Volcando datos para la tabla bigmyb.sportsbooks: 20 rows
DELETE FROM `sportsbooks`;
/*!40000 ALTER TABLE `sportsbooks` DISABLE KEYS */;
INSERT INTO `sportsbooks` (`id`, `name`) VALUES
	(1, 'marathon'),
	(2, 'betfair'),
	(3, '888sport'),
	(4, 'williamHill'),
	(5, 'interwetten'),
	(6, 'paston'),
	(7, 'marcaApuestas'),
	(8, 'wannabet'),
	(9, 'paf'),
	(10, 'sportium'),
	(11, 'bwin'),
	(12, 'suertia'),
	(13, 'bet365'),
	(14, 'luckia'),
	(15, 'titanbet'),
	(16, 'betStars'),
	(17, 'goldenPark'),
	(18, 'circus'),
	(19, 'codere'),
	(20, 'kirolbet');
/*!40000 ALTER TABLE `sportsbooks` ENABLE KEYS */;

-- Volcando estructura para tabla bigmyb.teams
CREATE TABLE IF NOT EXISTS `teams` (
  `id` int(11) NOT NULL AUTO_INCREMENT,
  `name` varchar(50) CHARACTER SET utf8 COLLATE utf8_spanish_ci DEFAULT NULL,
  `sport_id` int(11) DEFAULT NULL,
  `country_id` int(11) DEFAULT NULL,
  PRIMARY KEY (`id`)
) ENGINE=MyISAM AUTO_INCREMENT=21 DEFAULT CHARSET=latin1;

-- Volcando datos para la tabla bigmyb.teams: 20 rows
DELETE FROM `teams`;
/*!40000 ALTER TABLE `teams` DISABLE KEYS */;
INSERT INTO `teams` (`id`, `name`, `sport_id`, `country_id`) VALUES
	(1, 'Real Madrid', 1, 1),
	(2, 'FC Barcelona', 1, 1),
	(3, 'Atlético de Madrid', 1, 1),
	(4, 'Valencia CF', 1, 1),
	(5, 'Sevilla FC', 1, 1),
	(6, 'Villarreal CF', 1, 1),
	(7, 'Girona FC', 1, 1),
	(8, 'Real Betis', 1, 1),
	(9, 'SD Eibar', 1, 1),
	(10, 'RC Celta', 1, 1),
	(11, 'Getafe CF', 1, 1),
	(12, 'Athletic Club', 1, 1),
	(13, 'RCD Espanyol', 1, 1),
	(14, 'Real Sociedad', 1, 1),
	(15, 'CD Leganés', 1, 1),
	(16, 'D. Alavés', 1, 1),
	(17, 'Levante UD', 1, 1),
	(18, 'UD Las Palmas', 1, 1),
	(19, 'RC Deportivo', 1, 1),
	(20, 'Málaga CF', 1, 1);
/*!40000 ALTER TABLE `teams` ENABLE KEYS */;

-- Volcando estructura para tabla bigmyb.users
CREATE TABLE IF NOT EXISTS `users` (
  `id` int(11) NOT NULL AUTO_INCREMENT,
  `name` varchar(50) DEFAULT NULL,
  PRIMARY KEY (`id`)
) ENGINE=MyISAM AUTO_INCREMENT=2 DEFAULT CHARSET=latin1;

-- Volcando datos para la tabla bigmyb.users: 1 rows
DELETE FROM `users`;
/*!40000 ALTER TABLE `users` DISABLE KEYS */;
INSERT INTO `users` (`id`, `name`) VALUES
	(1, 'Roberto');
/*!40000 ALTER TABLE `users` ENABLE KEYS */;

/*!40101 SET SQL_MODE=IFNULL(@OLD_SQL_MODE, '') */;
/*!40014 SET FOREIGN_KEY_CHECKS=IF(@OLD_FOREIGN_KEY_CHECKS IS NULL, 1, @OLD_FOREIGN_KEY_CHECKS) */;
/*!40101 SET CHARACTER_SET_CLIENT=@OLD_CHARACTER_SET_CLIENT */;
